[
{
  "model": "admin.logentry",
  "pk": 1,
  "fields": {
    "action_time": "2023-05-16T08:07:16.151Z",
    "user": 1,
    "content_type": 7,
    "object_id": "1",
    "object_repr": "p1",
    "action_flag": 1,
    "change_message": "[{\"added\": {}}]"
  }
},
{
  "model": "admin.logentry",
  "pk": 2,
  "fields": {
    "action_time": "2023-05-16T09:27:04.451Z",
    "user": 1,
    "content_type": 7,
    "object_id": "2",
    "object_repr": "p2",
    "action_flag": 1,
    "change_message": "[{\"added\": {}}]"
  }
},
{
  "model": "admin.logentry",
  "pk": 3,
  "fields": {
    "action_time": "2023-05-17T09:57:06.588Z",
    "user": 1,
    "content_type": 8,
    "object_id": "1",
    "object_repr": "cart for admin2 at:None",
    "action_flag": 3,
    "change_message": ""
  }
},
{
  "model": "admin.logentry",
  "pk": 4,
  "fields": {
    "action_time": "2023-05-17T09:57:09.524Z",
    "user": 1,
    "content_type": 8,
    "object_id": "2",
    "object_repr": "cart for admin2 at:None",
    "action_flag": 3,
    "change_message": ""
  }
},
{
  "model": "admin.logentry",
  "pk": 5,
  "fields": {
    "action_time": "2023-05-17T09:58:16.222Z",
    "user": 1,
    "content_type": 8,
    "object_id": "12",
    "object_repr": "cart for admin2 at:2023-05-17 09:58:15+00:00",
    "action_flag": 2,
    "change_message": "[{\"changed\": {\"fields\": [\"Order date\", \"Status\"]}}]"
  }
},
{
  "model": "admin.logentry",
  "pk": 6,
  "fields": {
    "action_time": "2023-05-17T12:33:44.162Z",
    "user": 1,
    "content_type": 8,
    "object_id": "13",
    "object_repr": "cart for admin2 at:None",
    "action_flag": 3,
    "change_message": ""
  }
},
{
  "model": "auth.permission",
  "pk": 1,
  "fields": {
    "name": "Can add log entry",
    "content_type": 1,
    "codename": "add_logentry"
  }
},
{
  "model": "auth.permission",
  "pk": 2,
  "fields": {
    "name": "Can change log entry",
    "content_type": 1,
    "codename": "change_logentry"
  }
},
{
  "model": "auth.permission",
  "pk": 3,
  "fields": {
    "name": "Can delete log entry",
    "content_type": 1,
    "codename": "delete_logentry"
  }
},
{
  "model": "auth.permission",
  "pk": 4,
  "fields": {
    "name": "Can view log entry",
    "content_type": 1,
    "codename": "view_logentry"
  }
},
{
  "model": "auth.permission",
  "pk": 5,
  "fields": {
    "name": "Can add permission",
    "content_type": 2,
    "codename": "add_permission"
  }
},
{
  "model": "auth.permission",
  "pk": 6,
  "fields": {
    "name": "Can change permission",
    "content_type": 2,
    "codename": "change_permission"
  }
},
{
  "model": "auth.permission",
  "pk": 7,
  "fields": {
    "name": "Can delete permission",
    "content_type": 2,
    "codename": "delete_permission"
  }
},
{
  "model": "auth.permission",
  "pk": 8,
  "fields": {
    "name": "Can view permission",
    "content_type": 2,
    "codename": "view_permission"
  }
},
{
  "model": "auth.permission",
  "pk": 9,
  "fields": {
    "name": "Can add group",
    "content_type": 3,
    "codename": "add_group"
  }
},
{
  "model": "auth.permission",
  "pk": 10,
  "fields": {
    "name": "Can change group",
    "content_type": 3,
    "codename": "change_group"
  }
},
{
  "model": "auth.permission",
  "pk": 11,
  "fields": {
    "name": "Can delete group",
    "content_type": 3,
    "codename": "delete_group"
  }
},
{
  "model": "auth.permission",
  "pk": 12,
  "fields": {
    "name": "Can view group",
    "content_type": 3,
    "codename": "view_group"
  }
},
{
  "model": "auth.permission",
  "pk": 13,
  "fields": {
    "name": "Can add user",
    "content_type": 4,
    "codename": "add_user"
  }
},
{
  "model": "auth.permission",
  "pk": 14,
  "fields": {
    "name": "Can change user",
    "content_type": 4,
    "codename": "change_user"
  }
},
{
  "model": "auth.permission",
  "pk": 15,
  "fields": {
    "name": "Can delete user",
    "content_type": 4,
    "codename": "delete_user"
  }
},
{
  "model": "auth.permission",
  "pk": 16,
  "fields": {
    "name": "Can view user",
    "content_type": 4,
    "codename": "view_user"
  }
},
{
  "model": "auth.permission",
  "pk": 17,
  "fields": {
    "name": "Can add content type",
    "content_type": 5,
    "codename": "add_contenttype"
  }
},
{
  "model": "auth.permission",
  "pk": 18,
  "fields": {
    "name": "Can change content type",
    "content_type": 5,
    "codename": "change_contenttype"
  }
},
{
  "model": "auth.permission",
  "pk": 19,
  "fields": {
    "name": "Can delete content type",
    "content_type": 5,
    "codename": "delete_contenttype"
  }
},
{
  "model": "auth.permission",
  "pk": 20,
  "fields": {
    "name": "Can view content type",
    "content_type": 5,
    "codename": "view_contenttype"
  }
},
{
  "model": "auth.permission",
  "pk": 21,
  "fields": {
    "name": "Can add session",
    "content_type": 6,
    "codename": "add_session"
  }
},
{
  "model": "auth.permission",
  "pk": 22,
  "fields": {
    "name": "Can change session",
    "content_type": 6,
    "codename": "change_session"
  }
},
{
  "model": "auth.permission",
  "pk": 23,
  "fields": {
    "name": "Can delete session",
    "content_type": 6,
    "codename": "delete_session"
  }
},
{
  "model": "auth.permission",
  "pk": 24,
  "fields": {
    "name": "Can view session",
    "content_type": 6,
    "codename": "view_session"
  }
},
{
  "model": "auth.permission",
  "pk": 25,
  "fields": {
    "name": "Can add product",
    "content_type": 7,
    "codename": "add_product"
  }
},
{
  "model": "auth.permission",
  "pk": 26,
  "fields": {
    "name": "Can change product",
    "content_type": 7,
    "codename": "change_product"
  }
},
{
  "model": "auth.permission",
  "pk": 27,
  "fields": {
    "name": "Can delete product",
    "content_type": 7,
    "codename": "delete_product"
  }
},
{
  "model": "auth.permission",
  "pk": 28,
  "fields": {
    "name": "Can view product",
    "content_type": 7,
    "codename": "view_product"
  }
},
{
  "model": "auth.permission",
  "pk": 29,
  "fields": {
    "name": "Can add cart",
    "content_type": 8,
    "codename": "add_cart"
  }
},
{
  "model": "auth.permission",
  "pk": 30,
  "fields": {
    "name": "Can change cart",
    "content_type": 8,
    "codename": "change_cart"
  }
},
{
  "model": "auth.permission",
  "pk": 31,
  "fields": {
    "name": "Can delete cart",
    "content_type": 8,
    "codename": "delete_cart"
  }
},
{
  "model": "auth.permission",
  "pk": 32,
  "fields": {
    "name": "Can view cart",
    "content_type": 8,
    "codename": "view_cart"
  }
},
{
  "model": "auth.permission",
  "pk": 33,
  "fields": {
    "name": "Can add cart item",
    "content_type": 9,
    "codename": "add_cartitem"
  }
},
{
  "model": "auth.permission",
  "pk": 34,
  "fields": {
    "name": "Can change cart item",
    "content_type": 9,
    "codename": "change_cartitem"
  }
},
{
  "model": "auth.permission",
  "pk": 35,
  "fields": {
    "name": "Can delete cart item",
    "content_type": 9,
    "codename": "delete_cartitem"
  }
},
{
  "model": "auth.permission",
  "pk": 36,
  "fields": {
    "name": "Can view cart item",
    "content_type": 9,
    "codename": "view_cartitem"
  }
},
{
  "model": "auth.permission",
  "pk": 37,
  "fields": {
    "name": "Can add tag",
    "content_type": 10,
    "codename": "add_tag"
  }
},
{
  "model": "auth.permission",
  "pk": 38,
  "fields": {
    "name": "Can change tag",
    "content_type": 10,
    "codename": "change_tag"
  }
},
{
  "model": "auth.permission",
  "pk": 39,
  "fields": {
    "name": "Can delete tag",
    "content_type": 10,
    "codename": "delete_tag"
  }
},
{
  "model": "auth.permission",
  "pk": 40,
  "fields": {
    "name": "Can view tag",
    "content_type": 10,
    "codename": "view_tag"
  }
},
{
  "model": "auth.permission",
  "pk": 41,
  "fields": {
    "name": "Can add tagged item",
    "content_type": 11,
    "codename": "add_taggeditem"
  }
},
{
  "model": "auth.permission",
  "pk": 42,
  "fields": {
    "name": "Can change tagged item",
    "content_type": 11,
    "codename": "change_taggeditem"
  }
},
{
  "model": "auth.permission",
  "pk": 43,
  "fields": {
    "name": "Can delete tagged item",
    "content_type": 11,
    "codename": "delete_taggeditem"
  }
},
{
  "model": "auth.permission",
  "pk": 44,
  "fields": {
    "name": "Can view tagged item",
    "content_type": 11,
    "codename": "view_taggeditem"
  }
},
{
  "model": "auth.user",
  "pk": 1,
  "fields": {
    "password": "pbkdf2_sha256$600000$2xFjeqFfRtZV4XEDGUjvcb$/gzaPOdJxz39MF6Dn7XbmTo22O6SBZmqyXalGCzO0HQ=",
    "last_login": "2023-05-16T08:06:42.585Z",
    "is_superuser": true,
    "username": "admin",
    "first_name": "",
    "last_name": "",
    "email": "admin@admin.com",
    "is_staff": true,
    "is_active": true,
    "date_joined": "2023-05-16T08:05:39.780Z",
    "groups": [],
    "user_permissions": []
  }
},
{
  "model": "auth.user",
  "pk": 2,
  "fields": {
    "password": "pbkdf2_sha256$600000$1Xzqz6S5QdK0BnXu3bhhKo$bjM9mu1E9EZ80xCqq8rXSZVy3f5MCGSUaXSyG0Zlrsw=",
    "last_login": null,
    "is_superuser": true,
    "username": "admin2",
    "first_name": "",
    "last_name": "",
    "email": "admin2@admin.com",
    "is_staff": true,
    "is_active": true,
    "date_joined": "2023-05-16T08:05:57.094Z",
    "groups": [],
    "user_permissions": []
  }
},
{
  "model": "auth.user",
  "pk": 3,
  "fields": {
    "password": "pbkdf2_sha256$600000$9TZQpB8PPbqoEQft8PcLY3$9cQYPQWV5XRWPfiF3YtPCjS/e2ZuYoQOPAuts3egVBo=",
    "last_login": null,
    "is_superuser": true,
    "username": "admin3",
    "first_name": "",
    "last_name": "",
    "email": "",
    "is_staff": true,
    "is_active": true,
    "date_joined": "2023-05-16T12:29:42.921Z",
    "groups": [],
    "user_permissions": []
  }
},
{
  "model": "auth.user",
  "pk": 4,
  "fields": {
    "password": "pbkdf2_sha256$600000$fjL1kbE5Uan7h1LLKFo45s$S1AR4KAEoKq1CL4/w1Zo+tJiF+kfeVoeljvj1A4lg5g=",
    "last_login": null,
    "is_superuser": true,
    "username": "user2",
    "first_name": "",
    "last_name": "",
    "email": "123@example.com",
    "is_staff": true,
    "is_active": true,
    "date_joined": "2023-05-16T12:30:06.069Z",
    "groups": [],
    "user_permissions": []
  }
},
{
  "model": "auth.user",
  "pk": 5,
  "fields": {
    "password": "pbkdf2_sha256$600000$IIqYKH8bGq2d6gVrus0cFL$evTmIrU5o/egK09rc6GTP3oILTQHg/IptPSMqfG9OMw=",
    "last_login": null,
    "is_superuser": true,
    "username": "admin4",
    "first_name": "",
    "last_name": "",
    "email": "",
    "is_staff": true,
    "is_active": true,
    "date_joined": "2023-05-16T12:39:45.950Z",
    "groups": [],
    "user_permissions": []
  }
},
{
  "model": "auth.user",
  "pk": 6,
  "fields": {
    "password": "pbkdf2_sha256$600000$YZfNbPxEX0BJmxhYGVhpjc$nF9ZRnnSCAA6035DK1D4qb8LNY2IYdGRJ0OfVKze+Es=",
    "last_login": null,
    "is_superuser": true,
    "username": "admin6",
    "first_name": "",
    "last_name": "",
    "email": "",
    "is_staff": true,
    "is_active": true,
    "date_joined": "2023-05-16T12:43:32.603Z",
    "groups": [],
    "user_permissions": []
  }
},
{
  "model": "auth.user",
  "pk": 7,
  "fields": {
    "password": "pbkdf2_sha256$600000$O2jHxSljSVFHx6KHm0gtt6$P+Mx8o/jKqAWsoxh4MX8oVR1FgUbCYt7hSwmYVE6BR8=",
    "last_login": null,
    "is_superuser": false,
    "username": "admin7",
    "first_name": "",
    "last_name": "",
    "email": "",
    "is_staff": false,
    "is_active": true,
    "date_joined": "2023-05-16T12:50:13.865Z",
    "groups": [],
    "user_permissions": []
  }
},
{
  "model": "auth.user",
  "pk": 8,
  "fields": {
    "password": "!12345678",
    "last_login": null,
    "is_superuser": false,
    "username": "user",
    "first_name": "",
    "last_name": "",
    "email": "",
    "is_staff": false,
    "is_active": true,
    "date_joined": "2023-05-17T11:13:22.115Z",
    "groups": [],
    "user_permissions": []
  }
},
{
  "model": "auth.user",
  "pk": 9,
  "fields": {
    "password": "!12345678",
    "last_login": null,
    "is_superuser": false,
    "username": "user8",
    "first_name": "",
    "last_name": "",
    "email": "",
    "is_staff": false,
    "is_active": true,
    "date_joined": "2023-05-17T11:13:44.890Z",
    "groups": [],
    "user_permissions": []
  }
},
{
  "model": "auth.user",
  "pk": 10,
  "fields": {
    "password": "!12345678",
    "last_login": null,
    "is_superuser": false,
    "username": "user91",
    "first_name": "",
    "last_name": "",
    "email": "",
    "is_staff": false,
    "is_active": true,
    "date_joined": "2023-05-17T11:21:54.893Z",
    "groups": [],
    "user_permissions": []
  }
},
{
  "model": "auth.user",
  "pk": 11,
  "fields": {
    "password": "!12345678",
    "last_login": null,
    "is_superuser": false,
    "username": "user92",
    "first_name": "",
    "last_name": "",
    "email": "",
    "is_staff": false,
    "is_active": true,
    "date_joined": "2023-05-17T11:22:33.670Z",
    "groups": [],
    "user_permissions": []
  }
},
{
  "model": "auth.user",
  "pk": 12,
  "fields": {
    "password": "!12345678",
    "last_login": null,
    "is_superuser": false,
    "username": "user93",
    "first_name": "",
    "last_name": "",
    "email": "",
    "is_staff": false,
    "is_active": true,
    "date_joined": "2023-05-17T11:22:59.205Z",
    "groups": [],
    "user_permissions": []
  }
},
{
  "model": "auth.user",
  "pk": 13,
  "fields": {
    "password": "!12345678",
    "last_login": null,
    "is_superuser": false,
    "username": "user94",
    "first_name": "",
    "last_name": "",
    "email": "",
    "is_staff": false,
    "is_active": true,
    "date_joined": "2023-05-17T11:26:18.321Z",
    "groups": [],
    "user_permissions": []
  }
},
{
  "model": "auth.user",
  "pk": 14,
  "fields": {
    "password": "pbkdf2_sha256$600000$D4dtWmqbnvrhsLO8Lw5PZL$KxoS+ia+Ov5OGhXpHAJdUwzByMeuG3M2K9jxmY7YTi0=",
    "last_login": null,
    "is_superuser": false,
    "username": "user95",
    "first_name": "",
    "last_name": "",
    "email": "",
    "is_staff": false,
    "is_active": true,
    "date_joined": "2023-05-17T11:29:34.631Z",
    "groups": [],
    "user_permissions": []
  }
},
{
  "model": "auth.user",
  "pk": 15,
  "fields": {
    "password": "pbkdf2_sha256$600000$vnoBf8zH8Xa9JKvo52kDDO$byAanZT/IoikuiHqbnZ+jlJMllwnYX2TptVwvzCWYiU=",
    "last_login": null,
    "is_superuser": true,
    "username": "user96",
    "first_name": "",
    "last_name": "",
    "email": "",
    "is_staff": true,
    "is_active": true,
    "date_joined": "2023-05-17T11:30:25.062Z",
    "groups": [],
    "user_permissions": []
  }
},
{
  "model": "auth.user",
  "pk": 16,
  "fields": {
    "password": "pbkdf2_sha256$600000$QkPIDLzQHcvpGzO0PlkDd5$0/41S612Vsn63sN1dCXPOpZ+oYsQ2iDwjK6ENGrnJZ8=",
    "last_login": null,
    "is_superuser": false,
    "username": "user97",
    "first_name": "",
    "last_name": "",
    "email": "",
    "is_staff": false,
    "is_active": true,
    "date_joined": "2023-05-17T11:30:48.334Z",
    "groups": [],
    "user_permissions": []
  }
},
{
  "model": "contenttypes.contenttype",
  "pk": 1,
  "fields": {
    "app_label": "admin",
    "model": "logentry"
  }
},
{
  "model": "contenttypes.contenttype",
  "pk": 2,
  "fields": {
    "app_label": "auth",
    "model": "permission"
  }
},
{
  "model": "contenttypes.contenttype",
  "pk": 3,
  "fields": {
    "app_label": "auth",
    "model": "group"
  }
},
{
  "model": "contenttypes.contenttype",
  "pk": 4,
  "fields": {
    "app_label": "auth",
    "model": "user"
  }
},
{
  "model": "contenttypes.contenttype",
  "pk": 5,
  "fields": {
    "app_label": "contenttypes",
    "model": "contenttype"
  }
},
{
  "model": "contenttypes.contenttype",
  "pk": 6,
  "fields": {
    "app_label": "sessions",
    "model": "session"
  }
},
{
  "model": "contenttypes.contenttype",
  "pk": 7,
  "fields": {
    "app_label": "store",
    "model": "product"
  }
},
{
  "model": "contenttypes.contenttype",
  "pk": 8,
  "fields": {
    "app_label": "store",
    "model": "cart"
  }
},
{
  "model": "contenttypes.contenttype",
  "pk": 9,
  "fields": {
    "app_label": "store",
    "model": "cartitem"
  }
},
{
  "model": "contenttypes.contenttype",
  "pk": 10,
  "fields": {
    "app_label": "taggit",
    "model": "tag"
  }
},
{
  "model": "contenttypes.contenttype",
  "pk": 11,
  "fields": {
    "app_label": "taggit",
    "model": "taggeditem"
  }
},
{
  "model": "sessions.session",
  "pk": "erd9ewavwlkgchrfagyvwobynn3832zt",
  "fields": {
    "session_data": ".eJxVjDsOwjAQBe_iGln-xR9Kes5grXdtHEC2FCcV4u4QKQW0b2bei0XY1hq3kZc4EzszyU6_WwJ85LYDukO7dY69rcuc-K7wgw5-7ZSfl8P9O6gw6rculkIgV4CkLZqKF0qBMWgFKh8ceWFzwTSh8xb1JJR2xomSJcgkkw7s_QHxuTfa:1pyphi:8ziwtO0lGkmyEhZWZugJ7HjDUyDJmYtIpIx1Z81zOZE",
    "expire_date": "2023-05-30T08:06:42.594Z"
  }
},
{
  "model": "store.product",
  "pk": 1,
  "fields": {
    "name": "p1",
    "description": "a",
    "rate": 0.0
  }
},
{
  "model": "store.product",
  "pk": 3,
  "fields": {
    "name": "p2",
    "description": "",
    "rate": 0.0
  }
},
{
  "model": "store.product",
  "pk": 4,
  "fields": {
    "name": "p2",
    "description": "",
    "rate": 0.0
  }
},
{
  "model": "store.product",
  "pk": 5,
  "fields": {
    "name": "p2",
    "description": "",
    "rate": 0.0
  }
},
{
  "model": "store.product",
  "pk": 6,
  "fields": {
    "name": "p2",
    "description": "",
    "rate": 0.0
  }
},
{
  "model": "store.product",
  "pk": 7,
  "fields": {
    "name": "p2",
    "description": "",
    "rate": 0.0
  }
},
{
  "model": "store.cart",
  "pk": 3,
  "fields": {
    "customer": 2,
    "order_date": null,
    "status": "DR"
  }
},
{
  "model": "store.cart",
  "pk": 4,
  "fields": {
    "customer": 1,
    "order_date": null,
    "status": "DR"
  }
},
{
  "model": "store.cart",
  "pk": 5,
  "fields": {
    "customer": 1,
    "order_date": null,
    "status": "DR"
  }
},
{
  "model": "store.cart",
  "pk": 6,
  "fields": {
    "customer": 1,
    "order_date": null,
    "status": "DR"
  }
},
{
  "model": "store.cart",
  "pk": 8,
  "fields": {
    "customer": 1,
    "order_date": null,
    "status": "DR"
  }
},
{
  "model": "store.cart",
  "pk": 9,
  "fields": {
    "customer": 1,
    "order_date": null,
    "status": "DR"
  }
},
{
  "model": "store.cart",
  "pk": 10,
  "fields": {
    "customer": 1,
    "order_date": null,
    "status": "DR"
  }
},
{
  "model": "store.cart",
  "pk": 11,
  "fields": {
    "customer": 1,
    "order_date": null,
    "status": "DR"
  }
},
{
  "model": "store.cart",
  "pk": 12,
  "fields": {
    "customer": 2,
    "order_date": "2023-05-17T09:58:15Z",
    "status": "OR"
  }
},
{
  "model": "store.cart",
  "pk": 14,
  "fields": {
    "customer": 2,
    "order_date": null,
    "status": "DR"
  }
},
{
  "model": "store.cart",
  "pk": 15,
  "fields": {
    "customer": 2,
    "order_date": null,
    "status": "DR"
  }
},
{
  "model": "store.cart",
  "pk": 16,
  "fields": {
    "customer": 2,
    "order_date": null,
    "status": "OW"
  }
},
{
  "model": "store.cartitem",
  "pk": 13,
  "fields": {
    "product": 1,
    "cart": 4,
    "count": 2
  }
},
{
  "model": "store.cartitem",
  "pk": 14,
  "fields": {
    "product": 1,
    "cart": 5,
    "count": 2
  }
},
{
  "model": "store.cartitem",
  "pk": 16,
  "fields": {
    "product": 1,
    "cart": 6,
    "count": 1
  }
},
{
  "model": "store.cartitem",
  "pk": 20,
  "fields": {
    "product": 1,
    "cart": 8,
    "count": 1
  }
},
{
  "model": "store.cartitem",
  "pk": 21,
  "fields": {
    "product": 1,
    "cart": 9,
    "count": 1
  }
},
{
  "model": "store.cartitem",
  "pk": 22,
  "fields": {
    "product": 1,
    "cart": 10,
    "count": 1
  }
},
{
  "model": "store.cartitem",
  "pk": 23,
  "fields": {
    "product": 1,
    "cart": 11,
    "count": 1
  }
},
{
  "model": "store.cartitem",
  "pk": 24,
  "fields": {
    "product": 1,
    "cart": 12,
    "count": 1
  }
},
{
  "model": "store.cartitem",
  "pk": 27,
  "fields": {
    "product": 1,
    "cart": 14,
    "count": 3
  }
},
{
  "model": "store.cartitem",
  "pk": 31,
  "fields": {
    "product": 1,
    "cart": 3,
    "count": 2
  }
},
{
  "model": "store.cartitem",
  "pk": 32,
  "fields": {
    "product": 1,
    "cart": 15,
    "count": 2
  }
},
{
  "model": "store.cartitem",
  "pk": 33,
  "fields": {
    "product": 1,
    "cart": 16,
    "count": 2
  }
},
{
  "model": "taggit.tag",
  "pk": 1,
  "fields": {
    "name": "product",
    "slug": "product"
  }
},
{
  "model": "taggit.tag",
  "pk": 2,
  "fields": {
    "name": "oo",
    "slug": "oo"
  }
},
{
  "model": "taggit.taggeditem",
  "pk": 1,
  "fields": {
    "tag": 1,
    "content_type": 7,
    "object_id": 1
  }
}
]
